customer_id,age,segment,city,customer_since,has_mobile_app
C0001,32,student,Mechelen,2014-03-03,True
C0002,35,student,Mechelen,2024-08-11,False
C0003,29,small business,Ghent,2008-09-17,True
C0004,45,young professional,Liège,2021-07-02,True
C0005,43,small business,Ghent,2012-12-10,True
C0006,53,student,Hasselt,2011-07-31,True
C0007,61,family,Brussels,2012-10-29,False
C0008,61,student,Leuven,2016-07-09,True
C0009,62,small business,Antwerp,2008-12-21,True
C0010,33,senior,Leuven,2020-05-19,True
C0011,64,small business,Brussels,2023-10-20,True
C0012,47,family,Leuven,2013-03-22,False
C0013,66,family,Ghent,2022-04-04,False
C0014,38,family,Antwerp,2012-09-12,True
C0015,27,small business,Mechelen,2011-11-02,True
C0016,49,young professional,Ghent,2016-07-05,True
C0017,46,family,Hasselt,2025-03-26,True
C0018,47,student,Hasselt,2015-01-28,True
C0019,26,young professional,Liège,2024-02-07,True
C0020,81,senior,Mechelen,2018-04-16,True
C0021,35,young professional,Mechelen,2020-08-03,True
C0022,72,small business,Ghent,2016-02-13,True
C0023,35,small business,Ghent,2010-01-14,True
C0024,32,young professional,Mechelen,2011-08-03,True
C0025,72,small business,Leuven,2016-08-18,True
C0026,77,small business,Antwerp,2020-05-29,False
C0027,19,student,Mechelen,2020-01-16,True
C0028,61,student,Antwerp,2017-10-01,True
C0029,18,family,Liège,2025-02-01,True
C0030,31,family,Hasselt,2022-05-01,True
C0031,43,young professional,Antwerp,2025-02-06,True
C0032,85,student,Liège,2015-04-09,True
C0033,32,family,Hasselt,2014-11-24,True
C0034,48,small business,Leuven,2009-12-02,True
C0035,26,small business,Hasselt,2010-10-27,True
C0036,78,small business,Brussels,2013-12-11,True
C0037,72,young professional,Liège,2024-12-09,True
C0038,43,family,Ghent,2023-01-24,True
C0039,74,small business,Ghent,2010-09-18,True
C0040,26,family,Leuven,2021-03-12,True
C0041,46,student,Leuven,2023-11-16,True
C0042,47,student,Leuven,2015-05-30,True
C0043,48,family,Mechelen,2018-11-20,True
C0044,34,small business,Liège,2018-08-08,True
C0045,78,senior,Brussels,2010-02-11,True
C0046,73,family,Ghent,2017-03-21,True
C0047,24,student,Leuven,2017-01-11,True
C0048,31,young professional,Brussels,2012-04-07,True
C0049,35,senior,Brussels,2014-03-31,True
C0050,27,senior,Hasselt,2020-05-05,True
C0051,19,student,Hasselt,2013-04-20,True
C0052,80,senior,Brussels,2016-12-29,False
C0053,39,senior,Leuven,2016-10-03,True
C0054,76,family,Ghent,2023-08-16,False
C0055,80,young professional,Brussels,2014-08-27,True
C0056,25,small business,Mechelen,2020-02-28,True
C0057,58,student,Leuven,2021-02-06,True
C0058,85,young professional,Leuven,2019-05-23,True
C0059,41,student,Liège,2009-07-10,True
C0060,48,senior,Leuven,2020-10-10,True
C0061,23,small business,Leuven,2017-05-27,True
C0062,84,family,Antwerp,2012-07-31,True
C0063,58,young professional,Antwerp,2016-11-16,True
C0064,56,senior,Antwerp,2024-11-11,False
C0065,19,senior,Liège,2020-08-17,False
C0066,27,small business,Brussels,2019-05-07,True
C0067,62,student,Brussels,2016-04-15,True
C0068,74,small business,Mechelen,2014-10-14,True
C0069,85,student,Mechelen,2020-06-09,True
C0070,31,young professional,Antwerp,2010-08-03,False
C0071,37,family,Antwerp,2021-07-25,True
C0072,61,young professional,Mechelen,2022-03-23,False
C0073,82,senior,Antwerp,2009-02-20,True
C0074,72,family,Leuven,2008-01-30,True
C0075,34,family,Brussels,2024-08-16,True
C0076,72,small business,Leuven,2010-07-05,True
C0077,37,small business,Leuven,2016-04-12,True
C0078,36,senior,Brussels,2008-12-08,True
C0079,23,family,Brussels,2023-04-19,True
C0080,31,family,Hasselt,2020-07-22,False
C0081,70,small business,Mechelen,2011-06-20,False
C0082,48,young professional,Hasselt,2011-12-21,False
C0083,21,young professional,Mechelen,2015-06-14,True
C0084,70,young professional,Antwerp,2011-07-28,True
C0085,31,senior,Hasselt,2008-11-13,False
C0086,46,young professional,Hasselt,2018-04-28,True
C0087,47,young professional,Leuven,2022-10-20,True
C0088,60,family,Hasselt,2009-07-22,False
C0089,53,family,Mechelen,2019-06-05,True
C0090,60,student,Leuven,2013-11-09,True
C0091,51,student,Leuven,2021-05-19,True
C0092,58,senior,Liège,2019-06-21,True
C0093,42,family,Leuven,2023-11-24,True
C0094,84,small business,Mechelen,2024-02-19,False
C0095,43,family,Ghent,2009-07-27,False
C0096,60,small business,Antwerp,2022-11-17,False
C0097,56,small business,Antwerp,2022-12-16,True
C0098,69,family,Liège,2010-11-08,True
C0099,66,young professional,Liège,2020-10-06,True
C0100,18,family,Antwerp,2012-09-17,True
C0101,59,senior,Ghent,2017-12-01,True
C0102,83,senior,Hasselt,2024-07-03,True
C0103,28,family,Liège,2022-11-21,True
C0104,60,student,Hasselt,2024-11-05,True
C0105,57,young professional,Hasselt,2012-06-19,True
C0106,23,young professional,Ghent,2021-09-16,False
C0107,27,senior,Ghent,2022-02-15,True
C0108,67,senior,Ghent,2013-06-21,True
C0109,18,student,Hasselt,2017-07-14,True
C0110,84,senior,Leuven,2020-07-02,True
C0111,33,senior,Brussels,2018-06-03,True
C0112,58,senior,Liège,2024-02-18,False
C0113,72,small business,Ghent,2011-07-27,True
C0114,78,senior,Antwerp,2024-11-10,True
C0115,53,small business,Ghent,2022-01-21,True
C0116,74,student,Mechelen,2014-05-29,True
C0117,60,family,Liège,2009-10-22,True
C0118,47,senior,Mechelen,2011-06-05,True
C0119,26,senior,Ghent,2015-06-03,True
C0120,71,student,Brussels,2017-06-03,True
C0121,20,small business,Ghent,2018-09-12,True
C0122,63,family,Hasselt,2016-09-29,False
C0123,71,small business,Mechelen,2024-06-23,True
C0124,46,senior,Brussels,2014-02-13,True
C0125,21,senior,Antwerp,2023-01-01,True
C0126,69,young professional,Hasselt,2018-06-25,False
C0127,21,senior,Liège,2020-08-28,True
C0128,28,senior,Brussels,2018-05-10,True
C0129,51,senior,Antwerp,2012-09-29,True
C0130,61,senior,Antwerp,2024-11-12,False
C0131,71,family,Hasselt,2009-11-01,True
C0132,24,family,Brussels,2022-07-31,True
C0133,23,student,Brussels,2012-06-21,False
C0134,37,young professional,Brussels,2018-08-15,True
C0135,45,senior,Mechelen,2013-09-30,True
C0136,39,small business,Liège,2024-10-10,True
C0137,38,family,Leuven,2020-12-23,True
C0138,57,small business,Mechelen,2016-06-01,True
C0139,43,student,Liège,2023-06-28,False
C0140,49,student,Mechelen,2014-10-06,False
C0141,33,small business,Hasselt,2008-12-02,True
C0142,72,family,Leuven,2019-05-07,True
C0143,19,senior,Hasselt,2018-12-29,True
C0144,64,senior,Mechelen,2011-06-07,True
C0145,84,family,Liège,2020-01-26,True
C0146,77,senior,Hasselt,2024-05-24,True
C0147,59,young professional,Hasselt,2009-12-10,True
C0148,75,young professional,Hasselt,2018-06-03,True
C0149,66,family,Leuven,2019-02-01,False
C0150,41,senior,Brussels,2015-12-16,True
C0151,61,family,Liège,2023-09-23,False
C0152,19,small business,Brussels,2009-12-02,True
C0153,70,senior,Liège,2025-01-01,True
C0154,78,senior,Ghent,2008-05-21,True
C0155,46,senior,Mechelen,2013-06-16,True
C0156,65,senior,Liège,2019-11-28,True
C0157,60,family,Mechelen,2018-03-06,True
C0158,50,young professional,Leuven,2024-03-05,True
C0159,33,small business,Hasselt,2023-06-24,True
C0160,45,senior,Antwerp,2024-04-01,True
C0161,85,small business,Antwerp,2010-04-03,False
C0162,55,young professional,Antwerp,2012-01-09,True
C0163,34,family,Leuven,2009-03-22,True
C0164,34,senior,Leuven,2008-04-10,True
C0165,78,senior,Ghent,2015-08-23,True
C0166,24,family,Hasselt,2018-09-18,True
C0167,26,senior,Ghent,2009-08-29,True
C0168,24,young professional,Brussels,2020-08-15,False
C0169,28,young professional,Leuven,2020-07-07,True
C0170,46,small business,Ghent,2018-02-07,False
C0171,56,small business,Ghent,2014-11-06,True
C0172,25,small business,Mechelen,2010-03-23,False
C0173,44,young professional,Antwerp,2022-10-24,True
C0174,48,young professional,Liège,2009-09-06,True
C0175,70,senior,Mechelen,2021-04-26,True
C0176,22,young professional,Antwerp,2023-11-09,True
C0177,76,student,Mechelen,2013-03-27,False
C0178,43,senior,Leuven,2020-03-19,True
C0179,37,family,Hasselt,2011-03-11,True
C0180,39,family,Liège,2024-10-18,False
C0181,54,senior,Leuven,2018-07-06,True
C0182,69,family,Liège,2020-02-10,True
C0183,28,small business,Leuven,2017-09-09,True
C0184,50,student,Leuven,2013-02-18,False
C0185,20,family,Liège,2008-11-25,True
C0186,40,senior,Liège,2022-08-12,True
C0187,53,young professional,Liège,2017-10-10,True
C0188,80,student,Ghent,2015-10-21,True
C0189,59,student,Hasselt,2011-08-10,True
C0190,81,family,Mechelen,2016-12-24,False
C0191,22,senior,Leuven,2015-01-20,True
C0192,32,senior,Hasselt,2019-07-17,False
C0193,18,small business,Ghent,2017-04-08,True
C0194,84,family,Liège,2024-12-18,True
C0195,74,student,Brussels,2013-12-27,True
C0196,54,senior,Mechelen,2018-11-14,True
C0197,48,young professional,Antwerp,2020-05-09,True
C0198,70,student,Brussels,2010-07-18,True
C0199,33,young professional,Ghent,2024-01-27,True
C0200,52,senior,Hasselt,2018-10-27,False
C0201,49,senior,Liège,2011-03-30,True
C0202,83,young professional,Hasselt,2009-07-25,True
C0203,71,family,Hasselt,2019-05-22,True
C0204,18,family,Mechelen,2014-09-11,False
C0205,80,young professional,Ghent,2020-01-30,True
C0206,60,small business,Hasselt,2020-03-09,True
C0207,59,young professional,Mechelen,2013-05-10,True
C0208,47,senior,Leuven,2015-02-19,True
C0209,66,senior,Mechelen,2022-08-16,False
C0210,81,student,Brussels,2019-04-07,False
C0211,60,student,Hasselt,2017-11-15,True
C0212,76,student,Mechelen,2011-03-26,True
C0213,37,student,Ghent,2013-12-11,True
C0214,68,student,Hasselt,2015-05-15,False
C0215,66,family,Mechelen,2024-02-13,False
C0216,80,small business,Leuven,2021-11-06,True
C0217,54,young professional,Mechelen,2010-01-10,True
C0218,30,student,Ghent,2011-09-24,True
C0219,21,student,Antwerp,2009-04-04,True
C0220,65,senior,Brussels,2013-06-23,True
C0221,41,young professional,Brussels,2009-10-08,True
C0222,66,small business,Mechelen,2013-05-26,True
C0223,36,young professional,Ghent,2022-04-22,True
C0224,50,student,Hasselt,2018-06-08,False
C0225,38,student,Ghent,2015-10-01,False
C0226,56,senior,Mechelen,2013-08-10,True
C0227,56,young professional,Ghent,2018-11-02,True
C0228,66,small business,Antwerp,2020-11-21,True
C0229,55,student,Hasselt,2022-10-06,True
C0230,19,small business,Hasselt,2023-05-20,True
C0231,24,small business,Mechelen,2019-02-21,False
C0232,54,young professional,Liège,2015-11-26,True
C0233,42,small business,Antwerp,2023-03-15,True
C0234,35,student,Mechelen,2022-06-30,True
C0235,74,student,Liège,2016-03-07,True
C0236,29,family,Antwerp,2024-10-06,True
C0237,43,young professional,Hasselt,2020-02-05,False
C0238,64,small business,Liège,2014-02-10,False
C0239,50,senior,Hasselt,2014-08-14,True
C0240,61,student,Ghent,2009-09-08,True
C0241,46,senior,Hasselt,2020-07-01,True
C0242,68,student,Antwerp,2020-01-13,True
C0243,65,family,Liège,2016-07-18,False
C0244,65,student,Mechelen,2013-03-30,True
C0245,59,small business,Brussels,2022-07-11,True
C0246,77,family,Mechelen,2017-02-26,True
C0247,23,student,Antwerp,2019-01-18,True
C0248,48,small business,Brussels,2016-09-18,True
C0249,71,small business,Mechelen,2024-04-18,True
C0250,71,student,Hasselt,2018-12-22,True
C0251,53,student,Mechelen,2016-04-23,True
C0252,74,young professional,Hasselt,2016-02-19,True
C0253,65,small business,Mechelen,2016-01-17,True
C0254,53,young professional,Leuven,2018-03-14,True
C0255,45,small business,Leuven,2009-02-18,True
C0256,49,young professional,Hasselt,2020-08-30,True
C0257,44,small business,Brussels,2013-03-23,True
C0258,36,small business,Leuven,2014-03-21,False
C0259,36,young professional,Liège,2013-08-15,True
C0260,32,student,Brussels,2008-05-01,True
C0261,48,small business,Antwerp,2008-05-09,True
C0262,24,young professional,Mechelen,2017-06-10,True
C0263,26,senior,Ghent,2016-02-13,True
C0264,31,senior,Liège,2012-12-19,False
C0265,23,small business,Antwerp,2018-04-10,True
C0266,21,student,Ghent,2017-01-03,True
C0267,31,senior,Mechelen,2017-12-12,True
C0268,28,family,Liège,2011-04-30,True
C0269,53,small business,Mechelen,2021-02-16,True
C0270,59,senior,Liège,2019-11-25,True
C0271,82,small business,Ghent,2010-03-23,True
C0272,32,small business,Mechelen,2012-10-27,True
C0273,47,senior,Antwerp,2018-03-04,True
C0274,30,family,Ghent,2015-01-04,True
C0275,65,young professional,Mechelen,2018-08-21,True
C0276,28,student,Ghent,2010-03-02,True
C0277,65,young professional,Liège,2009-05-06,True
C0278,60,student,Ghent,2015-12-06,False
C0279,72,student,Antwerp,2021-06-19,True
C0280,31,small business,Liège,2012-10-08,True
C0281,79,young professional,Hasselt,2010-06-05,True
C0282,65,student,Hasselt,2014-04-01,True
C0283,72,small business,Hasselt,2021-12-11,True
C0284,21,small business,Mechelen,2023-07-21,True
C0285,41,family,Mechelen,2025-02-05,True
C0286,61,family,Leuven,2012-01-26,False
C0287,69,student,Brussels,2024-08-14,True
C0288,21,student,Mechelen,2019-11-24,True
C0289,71,senior,Antwerp,2011-07-13,True
C0290,59,small business,Liège,2009-11-26,False
C0291,37,young professional,Hasselt,2021-11-09,True
C0292,28,family,Ghent,2022-11-05,True
C0293,74,senior,Antwerp,2012-10-31,True
C0294,32,family,Ghent,2010-06-27,True
C0295,80,small business,Mechelen,2014-12-01,True
C0296,68,small business,Leuven,2008-03-03,True
C0297,45,young professional,Hasselt,2013-09-24,True
C0298,33,student,Ghent,2024-10-02,True
C0299,34,senior,Liège,2023-10-13,True
C0300,63,student,Ghent,2024-08-22,True
